{"cameraMode":{"drawMode":0,"name":"Shaded","section":"Shading Mode"},"sceneLighting":true,"audioPlay":false,"sceneViewState":{"m_AlwaysRefresh":false,"showFog":true,"showSkybox":true,"showFlares":true,"showImageEffects":true,"showParticleSystems":true,"showVisualEffectGraphs":true,"m_FxEnabled":true},"in2DMode":false,"pivot":{"x":-3.082359552383423,"y":-0.6247040033340454,"z":-4.936034679412842},"rotation":{"x":0.020868400111794473,"y":0.9743438363075256,"z":-0.1997516006231308,"w":0.10179886221885681},"size":17.044771194458009,"orthographic":false}